Columns,n,type,mean,std,min,25%,50%,75%,max,value 1,value 2,value 3,value 4,value 5,freq 1,freq 2,freq 3,freq 4,freq 5,freq others,freq NA
SocialNetwork_10,22293,float64,298.74103978827435,1374.0545489405226,0.0,25.0,89.0,261.0,75009.0,0.0,1.0,2.0,4.0,5.0,687.0,329.0,301.0,269.0,264.0,20443.0,67706.0
SocialNetwork_13,89999,int64,0.21971355237280416,0.4204460298980883,0.0,0.0,0.0,0.0,4.0,0.0,1.0,2.0,3.0,4.0,70454.0,19326.0,210.0,8.0,1.0,0.0,0.0
SocialNetwork_14,89999,int64,0.062289580995344394,0.24328590827808552,0.0,0.0,0.0,0.0,3.0,0.0,1.0,2.0,3.0,,84426.0,5542.0,29.0,2.0,,0.0,0.0
SocialNetwork_15,89999,int64,0.027722530250336115,0.16431292248173623,0.0,0.0,0.0,0.0,2.0,0.0,1.0,2.0,,,87506.0,2491.0,2.0,,,0.0,0.0
SocialNetwork_16,89999,int64,0.017044633829264768,0.12943840406872384,0.0,0.0,0.0,0.0,1.0,0.0,1.0,,,,88465.0,1534.0,,,,0.0,0.0
SocialNetwork_3,2441,float64,2049.8111429741907,24362.82159945477,0.0,9.0,47.0,221.0,1032721.0,1.0,0.0,3.0,5.0,4.0,200.0,66.0,61.0,59.0,57.0,1998.0,87558.0
SocialNetwork_4,2441,float64,217.29496108152398,378.5218390455629,0.0,30.0,86.0,222.0,3000.0,0.0,30.0,1.0,2.0,28.0,107.0,31.0,30.0,29.0,23.0,2221.0,87558.0
SocialNetwork_5,2439,float64,418.5584255842558,1375.6321514150156,0.0,8.0,64.0,306.0,37924.0,0.0,1.0,2.0,3.0,4.0,215.0,98.0,81.0,56.0,40.0,1949.0,87560.0
SocialNetwork_6,2438,float64,29.308859721082854,195.93834545328446,0.0,0.0,0.0,3.0,4870.0,0.0,1.0,2.0,3.0,4.0,1392.0,239.0,131.0,71.0,66.0,539.0,87561.0
SocialNetwork_8,22211,float64,139.76304533789565,1412.3363284725965,0.0,36.0,74.0,124.0,129496.0,0.0,1.0,2.0,70.0,50.0,611.0,229.0,198.0,178.0,172.0,20823.0,67788.0
SocialNetwork_9,22244,float64,142.68580291314512,230.22894307844916,0.0,29.0,74.0,164.0,4304.0,0.0,2.0,3.0,4.0,6.0,445.0,358.0,293.0,269.0,262.0,20617.0,67755.0
UserInfo_10,89999,int64,0.30860342892698805,0.6013648517637079,0.0,0.0,0.0,0.0,2.0,0.0,1.0,2.0,,,68897.0,14430.0,6672.0,,,0.0,0.0
UserInfo_14,89999,int64,3.4175824175824174,1.17065583922752,0.0,3.0,3.0,4.0,6.0,3.0,4.0,2.0,5.0,6.0,34285.0,19904.0,17248.0,12221.0,4782.0,1559.0,0.0
UserInfo_15,89999,int64,3.420282447582751,1.1678496105887985,0.0,3.0,3.0,4.0,6.0,3.0,4.0,2.0,5.0,6.0,34449.0,19919.0,17060.0,12298.0,4732.0,1541.0,0.0
UserInfo_18,89999,int64,29.737652640584894,6.390654980724048,0.0,25.0,28.0,33.0,55.0,27.0,25.0,26.0,24.0,28.0,7170.0,6856.0,6794.0,6476.0,6124.0,56579.0,0.0
WeblogInfo_1,2952,float64,2.1192411924119243,7.662705413421941,1.0,1.0,1.0,1.0,135.0,1.0,2.0,3.0,4.0,5.0,2248.0,421.0,110.0,54.0,24.0,95.0,87047.0
WeblogInfo_11,89999,int64,0.004888943210480117,0.2281800701510652,0.0,0.0,0.0,0.0,34.0,0.0,1.0,2.0,3.0,9.0,89896.0,48.0,11.0,9.0,5.0,30.0,0.0
WeblogInfo_12,89999,int64,0.009300103334481493,0.36122441131458344,0.0,0.0,0.0,0.0,39.0,0.0,1.0,2.0,3.0,4.0,89871.0,32.0,13.0,12.0,12.0,59.0,0.0
WeblogInfo_14,89999,int64,0.7864754052822809,4.45756963891306,0.0,0.0,0.0,0.0,361.0,0.0,1.0,2.0,3.0,4.0,81068.0,1678.0,1099.0,878.0,708.0,4568.0,0.0
WeblogInfo_15,89999,int64,1.0245113834598163,2.9065306232079204,0.0,0.0,0.0,1.0,201.0,0.0,1.0,2.0,3.0,4.0,63266.0,8416.0,7488.0,3093.0,2404.0,5332.0,0.0
WeblogInfo_16,89999,int64,2.6358959543994933,4.853235784646769,0.0,0.0,1.0,3.0,192.0,0.0,2.0,1.0,3.0,4.0,38045.0,11972.0,11575.0,6310.0,5472.0,16625.0,0.0
WeblogInfo_17,89999,int64,5.369626329181435,8.265836422446492,0.0,1.0,3.0,7.0,356.0,0.0,2.0,1.0,3.0,4.0,21423.0,11555.0,8999.0,7714.0,7061.0,33247.0,0.0
WeblogInfo_18,89999,int64,1.6573184146490516,3.586028562239821,0.0,0.0,0.0,2.0,148.0,0.0,2.0,1.0,3.0,4.0,50071.0,10789.0,10758.0,4893.0,4034.0,9454.0,0.0
WeblogInfo_2,84946,float64,0.13470910931650695,0.36371934411283513,0.0,0.0,0.0,0.0,5.0,0.0,1.0,2.0,3.0,4.0,74122.0,10247.0,541.0,31.0,4.0,1.0,5053.0
WeblogInfo_23,89245,float64,0.007451397837413861,0.09396929004290011,0.0,0.0,0.0,0.0,4.0,0.0,1.0,2.0,3.0,4.0,88638.0,554.0,49.0,3.0,1.0,0.0,754.0
WeblogInfo_24,89245,float64,0.3583730180962519,1.3203836817849401,0.0,0.0,0.0,0.0,24.0,0.0,1.0,3.0,2.0,4.0,79321.0,3142.0,1932.0,1620.0,976.0,2254.0,754.0
WeblogInfo_25,89245,float64,0.02597344389041403,0.17463772977782124,0.0,0.0,0.0,0.0,5.0,0.0,1.0,2.0,3.0,5.0,87121.0,1957.0,148.0,14.0,3.0,2.0,754.0
WeblogInfo_26,89245,float64,0.012953106616617178,0.1157175423295754,0.0,0.0,0.0,0.0,4.0,0.0,1.0,2.0,3.0,4.0,88111.0,1116.0,15.0,2.0,1.0,0.0,754.0
WeblogInfo_27,89245,float64,0.24301641548546138,0.9022619843561742,0.0,0.0,0.0,0.0,34.0,0.0,1.0,2.0,3.0,4.0,78441.0,6343.0,1937.0,982.0,569.0,973.0,754.0
WeblogInfo_28,89245,float64,0.013390105888285058,0.12671656835085227,0.0,0.0,0.0,0.0,5.0,0.0,1.0,2.0,3.0,4.0,88153.0,1008.0,69.0,12.0,2.0,1.0,754.0
WeblogInfo_29,89245,float64,0.024023754832203485,0.17155311800323647,0.0,0.0,0.0,0.0,5.0,0.0,1.0,2.0,3.0,5.0,87322.0,1736.0,162.0,19.0,3.0,3.0,754.0
WeblogInfo_3,2952,float64,1.2181571815718157,7.5732390765217765,0.0,0.0,0.0,1.0,135.0,0.0,1.0,2.0,3.0,4.0,1699.0,1045.0,84.0,33.0,17.0,74.0,87047.0
WeblogInfo_30,89245,float64,0.1398733822623116,0.4680764038081964,0.0,0.0,0.0,0.0,16.0,0.0,1.0,2.0,3.0,4.0,79304.0,8390.0,984.0,337.0,130.0,100.0,754.0
WeblogInfo_31,89245,float64,0.003552019720992773,0.087282003345349,0.0,0.0,0.0,0.0,6.0,0.0,2.0,1.0,4.0,3.0,89075.0,113.0,45.0,7.0,4.0,1.0,754.0
WeblogInfo_32,89245,float64,0.006218835789119839,0.08372227013804343,0.0,0.0,0.0,0.0,3.0,0.0,1.0,2.0,3.0,,88726.0,484.0,34.0,1.0,,0.0,754.0
WeblogInfo_33,89245,float64,0.3050142865146507,1.1668453257751163,0.0,0.0,0.0,0.0,21.0,0.0,1.0,3.0,2.0,4.0,80287.0,2918.0,1846.0,1512.0,875.0,1807.0,754.0
WeblogInfo_34,89245,float64,0.020370889125441202,0.15130073101235914,0.0,0.0,0.0,0.0,5.0,0.0,1.0,2.0,3.0,5.0,87543.0,1597.0,97.0,6.0,1.0,1.0,754.0
WeblogInfo_35,89245,float64,0.010286290548490111,0.1028784978167879,0.0,0.0,0.0,0.0,4.0,0.0,1.0,2.0,4.0,,88342.0,890.0,12.0,1.0,,0.0,754.0
WeblogInfo_36,89245,float64,0.19632472407417784,0.7691586158602794,0.0,0.0,0.0,0.0,28.0,0.0,1.0,2.0,3.0,4.0,80011.0,5600.0,1670.0,796.0,466.0,702.0,754.0
WeblogInfo_37,89245,float64,0.010734494929687938,0.11161112441756964,0.0,0.0,0.0,0.0,5.0,0.0,1.0,2.0,3.0,5.0,88353.0,838.0,45.0,7.0,1.0,1.0,754.0
WeblogInfo_38,89245,float64,0.01926158328197658,0.15103846743394422,0.0,0.0,0.0,0.0,5.0,0.0,1.0,2.0,3.0,4.0,87675.0,1442.0,111.0,14.0,2.0,1.0,754.0
WeblogInfo_39,89245,float64,0.10556333688161802,0.4083647566790597,0.0,0.0,0.0,0.0,16.0,0.0,1.0,2.0,3.0,4.0,81685.0,6430.0,716.0,241.0,96.0,77.0,754.0
WeblogInfo_4,84959,float64,3.0435268776704056,3.6400994673230116,1.0,1.0,2.0,3.0,165.0,1.0,2.0,3.0,4.0,5.0,29724.0,22121.0,12377.0,6836.0,4018.0,9883.0,5040.0
WeblogInfo_40,89245,float64,0.002274637234578968,0.06913364845812255,0.0,0.0,0.0,0.0,4.0,0.0,2.0,1.0,4.0,,89136.0,76.0,27.0,6.0,,0.0,754.0
WeblogInfo_42,89245,float64,0.050949633032662894,0.44047969971089257,0.0,0.0,0.0,0.0,12.0,0.0,1.0,3.0,2.0,4.0,87537.0,576.0,419.0,321.0,165.0,227.0,754.0
WeblogInfo_43,89245,float64,0.0012437671578239677,0.03710386693430476,0.0,0.0,0.0,0.0,3.0,0.0,1.0,2.0,3.0,,89139.0,102.0,3.0,1.0,,0.0,754.0
WeblogInfo_45,89245,float64,0.012359235811530058,0.17171224295486756,0.0,0.0,0.0,0.0,13.0,0.0,1.0,2.0,3.0,5.0,88531.0,506.0,118.0,49.0,15.0,26.0,754.0
WeblogInfo_47,89245,float64,0.0014454591293629896,0.03943904539191082,0.0,0.0,0.0,0.0,2.0,0.0,1.0,2.0,,,89121.0,119.0,5.0,,,0.0,754.0
WeblogInfo_48,89245,float64,0.02006835116813267,0.21035712154715722,0.0,0.0,0.0,0.0,12.0,0.0,1.0,2.0,3.0,4.0,88088.0,783.0,223.0,87.0,40.0,24.0,754.0
WeblogInfo_5,84959,float64,1.8356854482750504,1.7232831062139748,1.0,1.0,1.0,2.0,122.0,1.0,2.0,3.0,4.0,5.0,47997.0,22273.0,7940.0,3060.0,1399.0,2290.0,5040.0
WeblogInfo_50,89999,int64,0.012077911976799742,0.14062996611508866,0.0,0.0,0.0,0.0,6.0,0.0,1.0,2.0,3.0,4.0,89175.0,624.0,158.0,26.0,12.0,4.0,0.0
WeblogInfo_51,89999,int64,0.009111212346803853,0.1192829159186385,0.0,0.0,0.0,0.0,5.0,0.0,1.0,2.0,3.0,4.0,89358.0,503.0,109.0,19.0,8.0,2.0,0.0
WeblogInfo_52,89999,int64,0.0017000188890987677,0.052147795936722884,0.0,0.0,0.0,0.0,4.0,0.0,1.0,2.0,3.0,4.0,89881.0,92.0,19.0,5.0,2.0,0.0,0.0
WeblogInfo_53,89999,int64,0.006433404815609062,0.10441886085518201,0.0,0.0,0.0,0.0,11.0,0.0,1.0,2.0,3.0,4.0,89533.0,391.0,55.0,13.0,4.0,3.0,0.0
WeblogInfo_54,89999,int64,0.005433393704374493,0.09535671369967898,0.0,0.0,0.0,0.0,11.0,0.0,1.0,2.0,3.0,4.0,89601.0,336.0,48.0,8.0,4.0,2.0,0.0
WeblogInfo_56,89999,int64,0.018511316792408805,0.17509430672458381,0.0,0.0,0.0,0.0,11.0,0.0,1.0,2.0,3.0,4.0,88710.0,1015.0,212.0,38.0,16.0,8.0,0.0
WeblogInfo_57,89999,int64,0.014544606051178346,0.15238866811518353,0.0,0.0,0.0,0.0,11.0,0.0,1.0,2.0,3.0,4.0,88960.0,839.0,157.0,27.0,12.0,4.0,0.0
WeblogInfo_58,89999,int64,0.002522250247224969,0.06222139612334582,0.0,0.0,0.0,0.0,4.0,0.0,1.0,2.0,3.0,4.0,89820.0,142.0,28.0,7.0,2.0,0.0,0.0
WeblogInfo_6,84959,float64,2.962652573594322,3.607872437820769,1.0,1.0,2.0,3.0,165.0,1.0,2.0,3.0,4.0,5.0,32824.0,20746.0,11369.0,6498.0,3840.0,9682.0,5040.0
WeblogInfo_7,89999,int64,10.687352081689797,16.315544430880383,0.0,2.0,6.0,13.0,749.0,2.0,0.0,3.0,4.0,1.0,9445.0,9370.0,7119.0,6311.0,5777.0,51977.0,0.0
WeblogInfo_8,89999,int64,0.6611740130445893,2.6390523752725823,0.0,0.0,0.0,0.0,93.0,0.0,2.0,1.0,3.0,4.0,78644.0,2037.0,2002.0,1605.0,1201.0,4510.0,0.0
WeblogInfo_9,89999,int64,0.11319014655718397,1.4750001251522347,0.0,0.0,0.0,0.0,201.0,0.0,1.0,2.0,3.0,4.0,88335.0,512.0,215.0,139.0,110.0,688.0,0.0
target,79999,float64,0.0743884298553732,0.262403605282968,0.0,0.0,0.0,0.0,1.0,0.0,1.0,,,,74048.0,5951.0,,,,0.0,10000.0
Log_FirstTime,89999,float64,-39.32891476571962,122.82548910579186,-1387.0,-15.0,-9.0,-5.0,0.0,-5.0,-6.0,-4.0,-7.0,-8.0,7039.0,6814.0,6648.0,6416.0,5809.0,57273.0,0.0
Log_Count,89999,float64,19.332003688929877,29.16370552077694,0.0,9.0,13.0,22.0,1959.0,7.0,8.0,9.0,10.0,11.0,7667.0,7588.0,6088.0,5646.0,4962.0,58048.0,0.0
Log_DayFreq,89999,float64,0.4233780151393197,0.30464752983528903,0.0,0.16666666666666666,0.375,0.6666666666666666,1.0,1.0,0.5,0.3333333333333333,0.6666666666666666,0.25,8318.0,5260.0,4032.0,3272.0,3164.0,65953.0,0.0
Log_Cats,89999,int64,7.91014344603829,2.282437169847763,0.0,7.0,8.0,9.0,23.0,8.0,7.0,9.0,10.0,11.0,28198.0,24908.0,13638.0,7009.0,3666.0,12580.0,0.0
"Log_(-4, 6)",89999,float64,9.49974999722219,16.469843909362705,0.0,2.0,5.0,12.0,1321.0,1.0,0.0,2.0,3.0,4.0,10516.0,9091.0,8846.0,7125.0,6189.0,48232.0,0.0
"Log_(1, 0)",89999,float64,0.8052645029389215,0.395999148556555,0.0,1.0,1.0,1.0,1.0,1.0,0.0,,,,72473.0,17526.0,,,,0.0,0.0
"Log_(1, 2)",89999,float64,1.0797008855653951,0.7374309244987215,0.0,1.0,1.0,1.0,28.0,1.0,0.0,2.0,3.0,4.0,60904.0,13460.0,12204.0,2424.0,664.0,343.0,0.0
"Log_(2, 1)",89999,float64,0.9326548072756364,0.25101896360251963,0.0,1.0,1.0,1.0,4.0,1.0,0.0,2.0,4.0,,83928.0,6067.0,3.0,1.0,,0.0,0.0
"Log_(4, 1)",89999,float64,0.9431104790053223,0.31342059276851636,0.0,1.0,1.0,1.0,36.0,1.0,0.0,2.0,3.0,5.0,83855.0,5799.0,237.0,29.0,25.0,54.0,0.0
"Log_(2, 21)",89999,float64,0.6149401660018444,6.450653690674761,0.0,0.0,0.0,1.0,1924.0,0.0,1.0,2.0,3.0,4.0,47781.0,31393.0,10536.0,248.0,25.0,16.0,0.0
"Log_(4, 7)",89999,float64,0.38539317103523374,1.2886726988017743,0.0,0.0,0.0,0.0,147.0,0.0,1.0,2.0,3.0,4.0,68380.0,15603.0,3757.0,1110.0,452.0,697.0,0.0
"Log_(1, 4)",89999,float64,0.06864520716896855,0.29435585419431354,0.0,0.0,0.0,0.0,10.0,0.0,1.0,2.0,3.0,4.0,84520.0,4972.0,384.0,84.0,25.0,14.0,0.0
"Log_(2, 7)",89999,float64,0.02261136234847054,0.1841211460729262,0.0,0.0,0.0,0.0,13.0,0.0,1.0,2.0,3.0,4.0,88292.0,1468.0,190.0,31.0,10.0,8.0,0.0
"Log_(-10, 13)",89999,float64,0.14784608717874642,0.49988064937015125,0.0,0.0,0.0,0.0,36.0,0.0,1.0,2.0,3.0,4.0,78883.0,9968.0,737.0,184.0,93.0,134.0,0.0
"Log_(3, 1)",89999,float64,0.1474460827342526,0.4537473875715899,0.0,0.0,0.0,0.0,21.0,0.0,1.0,2.0,3.0,4.0,78401.0,10596.0,708.0,154.0,66.0,74.0,0.0
"Log_(4, 0)",89999,float64,0.004511161235124835,0.06701388332613198,0.0,0.0,0.0,0.0,1.0,0.0,1.0,,,,89593.0,406.0,,,,0.0,0.0
"Log_(4, 6)",89999,float64,0.11414571273014144,3.426296770094902,0.0,0.0,0.0,0.0,614.0,0.0,1.0,2.0,3.0,4.0,88437.0,729.0,238.0,128.0,105.0,362.0,0.0
"Log_(10, 20)",89999,float64,0.03226702518916877,0.20045439832724102,0.0,0.0,0.0,0.0,10.0,0.0,1.0,2.0,3.0,4.0,87366.0,2424.0,177.0,19.0,6.0,7.0,0.0
"Log_(107, 6)",89999,float64,1.0240224891387681,6.986696637372178,0.0,0.0,0.0,0.0,824.0,0.0,1.0,2.0,3.0,4.0,79616.0,1917.0,1270.0,981.0,812.0,5403.0,0.0
"Log_(99, 6)",89999,float64,0.6856853965044056,2.8004808195916926,0.0,0.0,0.0,0.0,162.0,0.0,2.0,1.0,3.0,4.0,78607.0,2026.0,1884.0,1627.0,1219.0,4636.0,0.0
"Log_(1, 6)",89999,float64,0.030389226546961634,0.6323209902591862,0.0,0.0,0.0,0.0,81.0,0.0,1.0,2.0,5.0,4.0,88343.0,1528.0,39.0,14.0,13.0,62.0,0.0
"Log_(1, 20)",89999,float64,0.9367992977699752,0.5617744267224799,0.0,1.0,1.0,1.0,123.0,1.0,0.0,2.0,3.0,4.0,80239.0,8088.0,1364.0,190.0,56.0,62.0,0.0
"Log_(2, 3)",89999,float64,0.3918043533817042,9.203452010562023,0.0,0.0,0.0,0.0,1397.0,0.0,1.0,2.0,3.0,4.0,88375.0,467.0,198.0,101.0,63.0,795.0,0.0
"Log_(2, 11)",89999,float64,0.007044522716919077,0.1946966183048523,0.0,0.0,0.0,0.0,21.0,0.0,1.0,2.0,3.0,4.0,89703.0,179.0,55.0,21.0,18.0,23.0,0.0
"Log_(10, 0)",89999,float64,0.02993366592962144,0.17040529399417442,0.0,0.0,0.0,0.0,1.0,0.0,1.0,,,,87305.0,2694.0,,,,0.0,0.0
"Log_(100, 6)",89999,float64,0.17745752730585895,3.337402686631341,0.0,0.0,0.0,0.0,355.0,0.0,1.0,2.0,3.0,4.0,88064.0,579.0,249.0,155.0,126.0,826.0,0.0
"Log_(12, 0)",89999,float64,0.0984899832220358,0.2979776719844893,0.0,0.0,0.0,0.0,1.0,0.0,1.0,,,,81135.0,8864.0,,,,0.0,0.0
"Log_(2, 2)",89999,float64,0.005988955432838143,0.12219300831444116,0.0,0.0,0.0,0.0,10.0,0.0,1.0,2.0,3.0,4.0,89672.0,215.0,63.0,20.0,15.0,14.0,0.0
"Log_(2, 20)",89999,float64,0.0033555928399204436,0.05840409356262076,0.0,0.0,0.0,0.0,2.0,0.0,1.0,2.0,,,89700.0,296.0,3.0,,,0.0,0.0
"Log_(2, 10)",89999,float64,0.019789108767875197,0.39118142484756174,0.0,0.0,0.0,0.0,49.0,0.0,1.0,2.0,3.0,4.0,89146.0,601.0,108.0,44.0,29.0,71.0,0.0
"Log_(1, 21)",89999,float64,0.006877854198379982,0.132278225440321,0.0,0.0,0.0,0.0,7.0,0.0,1.0,2.0,3.0,4.0,89685.0,126.0,114.0,43.0,21.0,10.0,0.0
"Log_(4, 19)",89999,float64,0.04193379926443627,2.112493700456106,0.0,0.0,0.0,0.0,481.0,0.0,1.0,2.0,3.0,4.0,89387.0,290.0,101.0,60.0,37.0,124.0,0.0
"Log_(102, 6)",89999,float64,0.0065000722230247,0.3433727043342732,0.0,0.0,0.0,0.0,69.0,0.0,1.0,2.0,3.0,4.0,89870.0,66.0,14.0,8.0,6.0,35.0,0.0
"Log_(2, 0)",89999,float64,0.00141112679029767,0.03753866232154822,0.0,0.0,0.0,0.0,1.0,0.0,1.0,,,,89872.0,127.0,,,,0.0,0.0
"Log_(2, 6)",89999,float64,0.0033555928399204436,0.19433825453096384,0.0,0.0,0.0,0.0,28.0,0.0,1.0,2.0,3.0,5.0,89886.0,73.0,19.0,7.0,3.0,11.0,0.0
"Log_(5, 0)",89999,float64,0.0017555750619451327,0.04186302056383268,0.0,0.0,0.0,0.0,1.0,0.0,1.0,,,,89841.0,158.0,,,,0.0,0.0
"Log_(103, 6)",89999,float64,0.014744608273425261,0.5159453707527201,0.0,0.0,0.0,0.0,54.0,0.0,1.0,2.0,3.0,4.0,89816.0,51.0,16.0,16.0,13.0,87.0,0.0
"Log_(2000, 6)",89999,float64,0.007688974321936911,0.13344640395862792,0.0,0.0,0.0,0.0,13.0,0.0,1.0,2.0,3.0,4.0,89534.0,332.0,88.0,27.0,7.0,11.0,0.0
"Log_(300, 20)",89999,float64,0.03421149123879154,0.1854044098741078,0.0,0.0,0.0,0.0,4.0,0.0,1.0,2.0,3.0,4.0,86971.0,2985.0,36.0,6.0,1.0,0.0,0.0
"Log_(303, 20)",89999,float64,0.0045333837042633805,0.06717798955122828,0.0,0.0,0.0,0.0,1.0,0.0,1.0,,,,89591.0,408.0,,,,0.0,0.0
"Log_(307, 20)",89999,float64,0.024566939632662585,0.1548738005338646,0.0,0.0,0.0,0.0,2.0,0.0,1.0,2.0,,,87789.0,2209.0,1.0,,,0.0,0.0
"Log_(302, 20)",89999,float64,0.007511194568828542,0.08685476510771716,0.0,0.0,0.0,0.0,2.0,0.0,1.0,2.0,,,89327.0,668.0,4.0,,,0.0,0.0
"Log_(1000, 23)",89999,float64,0.006433404815609062,0.26426869185409607,0.0,0.0,0.0,0.0,25.0,0.0,1.0,2.0,4.0,3.0,89873.0,52.0,17.0,14.0,6.0,37.0,0.0
"Log_(304, 20)",89999,float64,0.003000033333703708,0.05469064241846603,0.0,0.0,0.0,0.0,1.0,0.0,1.0,,,,89729.0,270.0,,,,0.0,0.0
Userupdate_FirstTime,89999,float64,-27.543561595128836,70.82596727205974,-780.0,-14.0,-8.0,-5.0,0.0,-5.0,-6.0,-4.0,-7.0,-8.0,7590.0,7342.0,7217.0,6881.0,6168.0,54801.0,0.0
Userupdate_Count,89999,float64,12.41556017289081,5.289562057557104,0.0,11.0,12.0,14.0,156.0,12.0,13.0,2.0,14.0,9.0,33601.0,9889.0,6678.0,6146.0,6124.0,27561.0,0.0
Userupdate_DayFreq,89999,float64,0.15766703319234907,0.129047081003646,0.0,0.07692307692307693,0.125,0.2,1.0,0.16666666666666666,0.2,0.25,0.14285714285714285,0.125,6678.0,6622.0,6134.0,6097.0,5621.0,58847.0,0.0
Userupdate_Cats,89999,int64,11.271958577317525,3.3647687475423638,0.0,11.0,12.0,13.0,31.0,12.0,13.0,9.0,11.0,2.0,34597.0,15173.0,9028.0,6898.0,6784.0,17519.0,0.0
Userupdate__educationid,89999,float64,0.9396548850542784,0.39796122685231283,0.0,1.0,1.0,1.0,9.0,1.0,0.0,2.0,3.0,4.0,78133.0,8973.0,2456.0,324.0,55.0,58.0,0.0
Userupdate__hasbuycar,89999,float64,0.9371215235724841,0.37314651841643376,0.0,1.0,1.0,1.0,11.0,1.0,0.0,2.0,3.0,4.0,79357.0,8409.0,1897.0,243.0,44.0,49.0,0.0
Userupdate__idnumber,89999,float64,0.23772486360959566,0.4565972393105538,0.0,0.0,0.0,0.0,15.0,0.0,1.0,2.0,3.0,5.0,69298.0,20251.0,325.0,74.0,20.0,31.0,0.0
Userupdate__lastupdatedate,89999,float64,0.7726085845398282,1.7306049830740942,0.0,0.0,0.0,1.0,51.0,0.0,1.0,2.0,3.0,4.0,59116.0,15737.0,7183.0,3139.0,1846.0,2978.0,0.0
Userupdate__marriagestatusid,89999,float64,0.9302547806086734,0.37705722527966606,0.0,1.0,1.0,1.0,11.0,1.0,0.0,2.0,3.0,4.0,79063.0,8869.0,1735.0,229.0,52.0,51.0,0.0
Userupdate__mobilephone,89999,float64,0.9983666485183169,0.6462334900770209,0.0,1.0,1.0,1.0,17.0,1.0,0.0,2.0,3.0,4.0,65310.0,13889.0,8952.0,1219.0,375.0,254.0,0.0
Userupdate__qq,89999,float64,0.9036322625806953,0.3922231548969538,0.0,1.0,1.0,1.0,9.0,1.0,0.0,2.0,3.0,4.0,77285.0,10920.0,1510.0,195.0,41.0,48.0,0.0
Userupdate__realname,89999,float64,0.34439271547461636,0.6419187548385142,0.0,0.0,0.0,1.0,15.0,0.0,1.0,2.0,3.0,4.0,64462.0,21840.0,2576.0,756.0,212.0,153.0,0.0
Userupdate__residencephone,89999,float64,0.9512216802408916,0.38870390555871714,0.0,1.0,1.0,1.0,11.0,1.0,0.0,2.0,3.0,4.0,78947.0,8047.0,2567.0,326.0,56.0,56.0,0.0
Userupdate__residencetypeid,89999,float64,0.9450327225858065,0.38429404601803197,0.0,1.0,1.0,1.0,11.0,1.0,0.0,2.0,3.0,4.0,78970.0,8283.0,2362.0,273.0,57.0,54.0,0.0
Userupdate__residenceyears,89999,float64,0.9471105234502606,0.3664622866883602,0.0,1.0,1.0,1.0,11.0,1.0,0.0,2.0,3.0,4.0,79855.0,7701.0,2129.0,218.0,47.0,49.0,0.0
Userupdate__companyphone,89999,float64,0.04338937099301103,0.2329442716461425,0.0,0.0,0.0,0.0,8.0,0.0,1.0,2.0,3.0,4.0,86559.0,3055.0,322.0,52.0,8.0,3.0,0.0
Userupdate__phone,89999,float64,0.12417915754619496,0.483880632849386,0.0,0.0,0.0,0.0,10.0,0.0,1.0,2.0,3.0,4.0,82649.0,4642.0,2021.0,412.0,184.0,91.0,0.0
Userupdate__relationshipid,89999,float64,0.07132301470016333,0.3300403245034307,0.0,0.0,0.0,0.0,6.0,0.0,1.0,2.0,3.0,4.0,85093.0,3713.0,945.0,190.0,46.0,12.0,0.0
Userupdate__regstepid,89999,float64,0.03363370704118935,0.2453865702640203,0.0,0.0,0.0,0.0,4.0,0.0,2.0,1.0,3.0,4.0,88210.0,1223.0,559.0,6.0,1.0,0.0,0.0
Userupdate__age,89999,float64,0.03263369592995478,0.18132906231203666,0.0,0.0,0.0,0.0,3.0,0.0,1.0,2.0,3.0,,87120.0,2822.0,56.0,1.0,,0.0,0.0
Userupdate__gender,89999,float64,0.022011355681729797,0.14747651425209243,0.0,0.0,0.0,0.0,3.0,0.0,1.0,2.0,3.0,,88027.0,1964.0,7.0,1.0,,0.0,0.0
Userupdate__flag_uctobcp,89999,float64,0.027800308892321025,0.2384337161194247,0.0,0.0,0.0,0.0,4.0,0.0,2.0,1.0,4.0,,88752.0,1168.0,50.0,29.0,,0.0,0.0
Userupdate__flag_uctopvr,89999,float64,0.0235335948177202,0.22076265078829901,0.0,0.0,0.0,0.0,4.0,0.0,2.0,1.0,4.0,,88953.0,985.0,32.0,29.0,,0.0,0.0
Userupdate__byuserid,89999,float64,0.012577917532417026,0.13999210267145323,0.0,0.0,0.0,0.0,13.0,0.0,1.0,2.0,3.0,4.0,89046.0,830.0,97.0,14.0,5.0,7.0,0.0
Userupdate__companyaddress,89999,float64,0.031244791608795654,0.19551118454074998,0.0,0.0,0.0,0.0,6.0,0.0,1.0,2.0,3.0,4.0,87483.0,2267.0,213.0,28.0,6.0,2.0,0.0
Userupdate__department,89999,float64,0.019555772841920466,0.15171712991884562,0.0,0.0,0.0,0.0,4.0,0.0,1.0,2.0,3.0,4.0,88404.0,1437.0,152.0,5.0,1.0,0.0,0.0
Userupdate__turnover,89999,float64,0.044000488894321045,0.3944344646465795,0.0,0.0,0.0,0.0,34.0,0.0,1.0,2.0,3.0,4.0,87807.0,1335.0,481.0,206.0,67.0,103.0,0.0
Userupdate__companytypeid,89999,float64,0.01244458271758575,0.12156807077822268,0.0,0.0,0.0,0.0,4.0,0.0,1.0,2.0,3.0,4.0,88981.0,924.0,88.0,4.0,2.0,0.0,0.0
Userupdate__residenceaddress,89999,float64,0.8919210213446817,0.4086570115190502,0.0,1.0,1.0,1.0,9.0,1.0,0.0,2.0,3.0,4.0,75846.0,12158.0,1732.0,171.0,44.0,48.0,0.0
Userupdate__companyname,89999,float64,0.03518927988088757,0.20654945267320754,0.0,0.0,0.0,0.0,6.0,0.0,1.0,2.0,3.0,4.0,87160.0,2555.0,254.0,21.0,5.0,4.0,0.0
Userupdate__iscash,89999,float64,0.019700218891321016,0.14840318800558713,0.0,0.0,0.0,0.0,4.0,0.0,1.0,2.0,3.0,4.0,88339.0,1555.0,98.0,6.0,1.0,0.0,0.0
Userupdate__workyears,89999,float64,0.01734463716263514,0.13991919001696973,0.0,0.0,0.0,0.0,3.0,0.0,1.0,2.0,3.0,,88540.0,1369.0,78.0,12.0,,0.0,0.0
Userupdate__incomefrom,89999,float64,0.007077856420626896,0.09721169943811896,0.0,0.0,0.0,0.0,7.0,0.0,1.0,2.0,3.0,4.0,89438.0,504.0,46.0,6.0,4.0,1.0,0.0
Userupdate__creationdate,89999,float64,0.001422238024866943,0.045925322451373346,0.0,0.0,0.0,0.0,2.0,0.0,1.0,2.0,,,89902.0,66.0,31.0,,,0.0,0.0
Userupdate__companysizeid,89999,float64,0.0031778130868120756,0.05935750369897791,0.0,0.0,0.0,0.0,3.0,0.0,1.0,2.0,3.0,,89728.0,257.0,13.0,1.0,,0.0,0.0
Userupdate__webshopurl,89999,float64,0.0014555717285747618,0.044323714405949274,0.0,0.0,0.0,0.0,4.0,0.0,1.0,2.0,3.0,4.0,89886.0,99.0,11.0,2.0,1.0,0.0,0.0
Userupdate__bussinessaddress,89999,float64,0.010000111112345693,0.1047230121062988,0.0,0.0,0.0,0.0,3.0,0.0,1.0,2.0,3.0,,89146.0,807.0,45.0,1.0,,0.0,0.0
Userupdate__hasbusinesslicense,89999,float64,0.007566750741674908,0.0895583660802982,0.0,0.0,0.0,0.0,3.0,0.0,1.0,2.0,3.0,,89340.0,638.0,20.0,1.0,,0.0,0.0
Userupdate__districtid,89999,float64,0.6746186068734097,0.5491623362725094,0.0,0.0,1.0,1.0,7.0,1.0,0.0,2.0,3.0,4.0,54313.0,32617.0,2871.0,155.0,26.0,17.0,0.0
Userupdate__provinceid,89999,float64,0.660996233291481,0.5277578583494871,0.0,0.0,1.0,1.0,7.0,1.0,0.0,2.0,3.0,4.0,55253.0,32711.0,1925.0,75.0,19.0,16.0,0.0
Userupdate__hassborgjj,89999,float64,0.0034222602473360816,0.058590178306796435,0.0,0.0,0.0,0.0,2.0,0.0,1.0,2.0,,,89692.0,306.0,1.0,,,0.0,0.0
Userupdate__position,89999,float64,0.006033400371115234,0.07858019352459245,0.0,0.0,0.0,0.0,2.0,0.0,1.0,2.0,,,89464.0,527.0,8.0,,,0.0,0.0
ListingInfo_Day,89999,int32,535.4499605551173,92.8792920062917,0.0,472.0,552.0,610.0,698.0,606.0,641.0,627.0,637.0,651.0,1320.0,1093.0,1049.0,966.0,914.0,84657.0,0.0
ListingInfo_DayofMonth,89999,int64,16.875831953688376,8.499202508320698,1.0,10.0,17.0,24.0,31.0,9.0,14.0,30.0,27.0,22.0,4162.0,3756.0,3647.0,3524.0,3479.0,71431.0,0.0
ListingInfo_DayofWeek,89999,int64,2.5866954077267525,1.8243232090330614,0.0,1.0,2.0,4.0,6.0,1.0,4.0,2.0,0.0,3.0,16551.0,16341.0,15628.0,13728.0,12967.0,14784.0,0.0
ListingInfo_DayofYear,89999,int64,201.67929643662708,83.87951743621652,2.0,141.0,211.0,270.0,365.0,252.0,287.0,273.0,283.0,297.0,1320.0,1093.0,1049.0,966.0,914.0,84657.0,0.0
ListingInfo_Year,89999,int64,2013.9445771619685,0.22880500158072856,2013.0,2014.0,2014.0,2014.0,2014.0,2014.0,2013.0,,,,85011.0,4988.0,,,,0.0,0.0
UserInfo_20_Longitude,89306,float64,114.32646933017084,6.277397559255786,75.98,111.1475,114.87,118.67,131.15,104.07,108.37,117.25,115.85,120.15,2312.0,2023.0,2018.0,1951.0,1907.0,79095.0,693.0
UserInfo_20_Latitude,89306,float64,31.674014511903664,6.045786467778073,18.25,26.9,30.7,36.07,50.42,30.67,28.68,22.82,31.83,34.27,2428.0,2413.0,2023.0,2018.0,1818.0,78606.0,693.0
UserInfo_20_LongpLat,89306,float64,146.00048384208048,9.956685771392658,115.45,138.8,145.38,151.87,177.78,134.74,131.19,149.08,144.53,145.38,2339.0,2023.0,2018.0,1951.0,1760.0,79215.0,693.0
UserInfo_20_LongmLat,89306,float64,82.65245481826653,7.2649099589470465,36.23,77.98,83.3,87.54,93.79,73.4,85.55,85.42,87.17,93.22,2500.0,2023.0,2018.0,1951.0,1760.0,79054.0,693.0
UserInfo_20_CityRank,89999,float64,4.136295958843987,1.536856819321064,1.0,3.0,4.0,6.0,6.0,6.0,4.0,3.0,2.0,1.5,30767.0,24578.0,19006.0,5895.0,3633.0,6120.0,0.0
UserInfo_CityRank_median,89999,float64,3.174185268725208,1.424178871434312,1.0,2.0,3.0,4.0,6.0,4.0,3.0,2.0,6.0,1.0,23195.0,21926.0,12900.0,10246.0,8284.0,13448.0,0.0
UserInfo_Latitude_median,89174,float64,31.168997241344762,6.164614274290306,20.03,26.08,30.67,35.75,50.42,22.55,23.13,39.9,23.05,29.57,2388.0,2287.0,1781.0,1754.0,1693.0,79271.0,825.0
UserInfo_Longitude_median,89174,float64,114.63245996591289,6.186292799522487,75.98,112.03,114.88,118.92,131.15,114.05,113.27,116.4,120.15,118.67,2544.0,2289.0,1828.0,1754.0,1575.0,79184.0,825.0
UserInfo_LongmLat_median,89174,float64,83.46586936775778,7.723258819766335,36.23,78.28,84.31,90.14,93.79,91.5,90.14,76.5,76.98,73.4,2427.0,2315.0,1787.0,1533.0,1470.0,79642.0,825.0
UserInfo_LongpLat_median,89174,float64,145.79703719694345,9.642009775464926,115.45,136.8,145.98,151.88,177.78,136.6,136.4,156.3,136.12,136.8,2545.0,2219.0,1789.0,1534.0,1456.0,79631.0,825.0
UserInfo_CityRank_std,89999,float64,0.5693065207629321,0.8508642430164036,0.0,0.0,0.0,1.1547005383792515,2.886751345948129,0.0,1.1547005383792515,1.7320508075688772,0.5773502691896258,1.1547005383792517,55163.0,5892.0,5146.0,3546.0,2369.0,17883.0,0.0
UserInfo_Latitude_std,88168,float64,0.6593959312060905,1.694514367503065,0.0,0.0,0.0,0.3290896534380871,17.447525134910492,0.0,0.28867513459481314,0.2309401076758495,0.3348631561299817,0.27135462651912345,59903.0,278.0,199.0,166.0,164.0,27458.0,1831.0
UserInfo_Longitude_std,88168,float64,0.7328214570227624,1.9600713203332214,0.0,0.0,0.0,0.381051177665151,32.16628747617605,0.0,0.4503332099679098,0.2886751345948139,0.10969655114602758,0.21361959960016416,59994.0,216.0,157.0,156.0,151.0,27494.0,1831.0
UserInfo_LongmLat_std,88168,float64,0.9178568929890764,2.4276343171979824,0.0,0.0,0.0,0.4849742261192876,38.883801897448244,0.0,0.32331615074619174,0.4156921938165289,0.27135462651912345,0.36373066958946054,59892.0,134.0,122.0,121.0,116.0,27783.0,1831.0
UserInfo_LongpLat_std,88168,float64,1.0556525469522153,2.7422446107437617,0.0,0.0,0.0,0.5374941618738137,35.25634410996126,0.0,0.11547005383791858,0.5715767664977368,0.46765371804360023,0.24826061575154507,59864.0,254.0,124.0,109.0,105.0,27712.0,1831.0
UserInfo_23_G,89999,float64,0.019622440249336105,0.13869972545611758,0.0,0.0,0.0,0.0,1.0,0.0,1.0,,,,88233.0,1766.0,,,,0.0,0.0
UserInfo_23_AB,89999,float64,0.011277903087812086,0.10559751838606761,0.0,0.0,0.0,0.0,1.0,0.0,1.0,,,,88984.0,1015.0,,,,0.0,0.0
UserInfo_23_O,89999,float64,0.008977877531972578,0.09432589309296208,0.0,0.0,0.0,0.0,1.0,0.0,1.0,,,,89191.0,808.0,,,,0.0,0.0
UserInfo_23_大学本科（简称“大学,89999,float64,0.005655618395759953,0.07499129857872729,0.0,0.0,0.0,0.0,1.0,0.0,1.0,,,,89490.0,509.0,,,,0.0,0.0
UserInfo_23_M,89999,float64,0.004444493827709197,0.0665190909980358,0.0,0.0,0.0,0.0,1.0,0.0,1.0,,,,89599.0,400.0,,,,0.0,0.0
UserInfo_23_AK,89999,float64,0.002666696296625518,0.05157145120203886,0.0,0.0,0.0,0.0,1.0,0.0,1.0,,,,89759.0,240.0,,,,0.0,0.0
UserInfo_23_H,89999,float64,0.0022444693829931444,0.04732289745257491,0.0,0.0,0.0,0.0,1.0,0.0,1.0,,,,89797.0,202.0,,,,0.0,0.0
UserInfo_23_专科毕业,89999,float64,0.0017444638273758598,0.04173056461247378,0.0,0.0,0.0,0.0,1.0,0.0,1.0,,,,89842.0,157.0,,,,0.0,0.0
UserInfo_23_Y,89999,float64,0.0017000188890987677,0.04119645230213001,0.0,0.0,0.0,0.0,1.0,0.0,1.0,,,,89846.0,153.0,,,,0.0,0.0
UserInfo_23_K,89999,float64,0.00130001444460494,0.03603246915205159,0.0,0.0,0.0,0.0,1.0,0.0,1.0,,,,89882.0,117.0,,,,0.0,0.0
UserInfo_23_AI,89999,float64,0.0012111245680507562,0.034780327575703096,0.0,0.0,0.0,0.0,1.0,0.0,1.0,,,,89890.0,109.0,,,,0.0,0.0
UserInfo_23_P,89999,float64,0.0011777908643429372,0.03429893211841851,0.0,0.0,0.0,0.0,1.0,0.0,1.0,,,,89893.0,106.0,,,,0.0,0.0
UserInfo_23_Others,89999,float64,0.0025778064200713342,0.05070690192888281,0.0,0.0,0.0,0.0,1.0,0.0,1.0,,,,89767.0,232.0,,,,0.0,0.0
Education_Info3_毕业,89999,float64,0.06017844642718252,0.237818480017462,0.0,0.0,0.0,0.0,1.0,0.0,1.0,,,,84583.0,5416.0,,,,0.0,0.0
Education_Info3_结业,89999,float64,0.0019444660496227735,0.044053452362472476,0.0,0.0,0.0,0.0,1.0,0.0,1.0,,,,89824.0,175.0,,,,0.0,0.0
WeblogInfo_19_I,89999,float64,0.7317081300903343,0.4430728199018286,0.0,0.0,1.0,1.0,1.0,1.0,0.0,,,,65853.0,24146.0,,,,0.0,0.0
WeblogInfo_19_D,89999,float64,0.11836798186646519,0.3230451396992526,0.0,0.0,0.0,0.0,1.0,0.0,1.0,,,,79346.0,10653.0,,,,0.0,0.0
WeblogInfo_19_F,89999,float64,0.03936710407893421,0.19446787754626976,0.0,0.0,0.0,0.0,1.0,0.0,1.0,,,,86456.0,3543.0,,,,0.0,0.0
WeblogInfo_19_E,89999,float64,0.0061778464205157835,0.07835654953042497,0.0,0.0,0.0,0.0,1.0,0.0,1.0,,,,89443.0,556.0,,,,0.0,0.0
WeblogInfo_19_J,89999,float64,0.0037222635807064525,0.06089704048628518,0.0,0.0,0.0,0.0,1.0,0.0,1.0,,,,89664.0,335.0,,,,0.0,0.0
WeblogInfo_19_G,89999,float64,0.002588917654640607,0.050815783492311674,0.0,0.0,0.0,0.0,1.0,0.0,1.0,,,,89766.0,233.0,,,,0.0,0.0
UserInfo_5_2,89999,float64,0.5348837209302325,0.4987844126801087,0.0,0.0,1.0,1.0,1.0,1.0,0.0,,,,48139.0,41860.0,,,,0.0,0.0
UserInfo_5_1,89999,float64,0.40801564461827355,0.49146878048372766,0.0,0.0,0.0,1.0,1.0,0.0,1.0,,,,53278.0,36721.0,,,,0.0,0.0
UserInfo_5_3,89999,float64,0.0571006344514939,0.2320360968337978,0.0,0.0,0.0,0.0,1.0,0.0,1.0,,,,84860.0,5139.0,,,,0.0,0.0
UserInfo_1_1.0,89999,float64,0.3332703696707741,0.47138487388527717,0.0,0.0,0.0,1.0,1.0,0.0,1.0,,,,60005.0,29994.0,,,,0.0,0.0
UserInfo_1_3.0,89999,float64,0.19841331570350781,0.3988072705785128,0.0,0.0,0.0,0.0,1.0,0.0,1.0,,,,72142.0,17857.0,,,,0.0,0.0
UserInfo_1_5.0,89999,float64,0.19639107101190012,0.39726989799316464,0.0,0.0,0.0,0.0,1.0,0.0,1.0,,,,72324.0,17675.0,,,,0.0,0.0
UserInfo_1_4.0,89999,float64,0.16166846298292203,0.36814844424738785,0.0,0.0,0.0,0.0,1.0,0.0,1.0,,,,75449.0,14550.0,,,,0.0,0.0
UserInfo_1_6.0,89999,float64,0.08193424371381905,0.27426603732257027,0.0,0.0,0.0,0.0,1.0,0.0,1.0,,,,82625.0,7374.0,,,,0.0,0.0
UserInfo_1_7.0,89999,float64,0.024378048644984943,0.15422069789476664,0.0,0.0,0.0,0.0,1.0,0.0,1.0,,,,87805.0,2194.0,,,,0.0,0.0
UserInfo_1_2.0,89999,float64,0.0037111523461371794,0.0608064205270427,0.0,0.0,0.0,0.0,1.0,0.0,1.0,,,,89665.0,334.0,,,,0.0,0.0
WeblogInfo_21_D,89999,float64,0.7224746941632685,0.44778034608467926,0.0,0.0,1.0,1.0,1.0,1.0,0.0,,,,65022.0,24977.0,,,,0.0,0.0
WeblogInfo_21_A,89999,float64,0.12320136890409894,0.3286700349652586,0.0,0.0,0.0,0.0,1.0,0.0,1.0,,,,78911.0,11088.0,,,,0.0,0.0
WeblogInfo_21_C,89999,float64,0.05141168235202613,0.22083718698226792,0.0,0.0,0.0,0.0,1.0,0.0,1.0,,,,85372.0,4627.0,,,,0.0,0.0
WeblogInfo_21_B,89999,float64,0.0017333525928065867,0.04159768392726747,0.0,0.0,0.0,0.0,1.0,0.0,1.0,,,,89843.0,156.0,,,,0.0,0.0
UserInfo_12,89999,float64,0.23595817731308125,0.42459853868002334,0.0,0.0,0.0,0.0,1.0,0.0,1.0,,,,68763.0,21236.0,,,,0.0,0.0
UserInfo_16_1,89999,float64,0.6044844942721586,0.48896385039531043,0.0,0.0,1.0,1.0,1.0,1.0,0.0,,,,54403.0,35596.0,,,,0.0,0.0
UserInfo_16_2,89999,float64,0.3116701296681074,0.46317841452440855,0.0,0.0,0.0,1.0,1.0,0.0,1.0,,,,61949.0,28050.0,,,,0.0,0.0
UserInfo_16_6,89999,float64,0.03327814753497261,0.17936295574030883,0.0,0.0,0.0,0.0,1.0,0.0,1.0,,,,87004.0,2995.0,,,,0.0,0.0
UserInfo_16_3,89999,float64,0.026344737163746263,0.1601592239041053,0.0,0.0,0.0,0.0,1.0,0.0,1.0,,,,87628.0,2371.0,,,,0.0,0.0
UserInfo_16_4,89999,float64,0.024189157657307305,0.15363692454009673,0.0,0.0,0.0,0.0,1.0,0.0,1.0,,,,87822.0,2177.0,,,,0.0,0.0
UserInfo_13,89999,float64,0.23502483360926232,0.4240166964718121,0.0,0.0,0.0,0.0,1.0,0.0,1.0,,,,68847.0,21152.0,,,,0.0,0.0
SocialNetwork_1,89999,float64,0.9987999866665185,0.034620609747027645,0.0,1.0,1.0,1.0,1.0,1.0,0.0,,,,89891.0,108.0,,,,0.0,0.0
SocialNetwork_2_0,89999,float64,0.9728774764164047,0.1624413293846649,0.0,1.0,1.0,1.0,1.0,1.0,0.0,,,,87558.0,2441.0,,,,0.0,0.0
SocialNetwork_2_1,89999,float64,0.022900254447271635,0.1495863677593861,0.0,0.0,0.0,0.0,1.0,0.0,1.0,,,,87938.0,2061.0,,,,0.0,0.0
SocialNetwork_2_2,89999,float64,0.004222269136323737,0.06484202569870139,0.0,0.0,0.0,0.0,1.0,0.0,1.0,,,,89619.0,380.0,,,,0.0,0.0
UserInfo_17,89999,float64,0.8746874965277392,0.3310747617285877,0.0,1.0,1.0,1.0,1.0,1.0,0.0,,,,78721.0,11278.0,,,,0.0,0.0
Education_Info8_T,89999,float64,0.024144712719030213,0.1534992096712629,0.0,0.0,0.0,0.0,1.0,0.0,1.0,,,,87826.0,2173.0,,,,0.0,0.0
Education_Info8_F,89999,float64,0.002333359259547328,0.04824873636070338,0.0,0.0,0.0,0.0,1.0,0.0,1.0,,,,89789.0,210.0,,,,0.0,0.0
Education_Info8_Others,89999,float64,0.0019111323459149545,0.04367494835442318,0.0,0.0,0.0,0.0,1.0,0.0,1.0,,,,89827.0,172.0,,,,0.0,0.0
UserInfo_11,89999,float64,0.33572595251058346,0.47224624435814794,0.0,0.0,0.0,1.0,1.0,0.0,1.0,,,,59784.0,30215.0,,,,0.0,0.0
UserInfo_3_5.0,89999,float64,0.4630273669707441,0.49863392088525027,0.0,0.0,0.0,1.0,1.0,0.0,1.0,,,,48327.0,41672.0,,,,0.0,0.0
UserInfo_3_6.0,89999,float64,0.19904665607395639,0.39928543202987515,0.0,0.0,0.0,0.0,1.0,0.0,1.0,,,,72085.0,17914.0,,,,0.0,0.0
UserInfo_3_4.0,89999,float64,0.13943488260980677,0.34640168793491033,0.0,0.0,0.0,0.0,1.0,0.0,1.0,,,,77450.0,12549.0,,,,0.0,0.0
UserInfo_3_3.0,89999,float64,0.10101223346926078,0.3013465964096158,0.0,0.0,0.0,0.0,1.0,0.0,1.0,,,,80908.0,9091.0,,,,0.0,0.0
UserInfo_3_1.0,89999,float64,0.05633395926621407,0.23056676903732515,0.0,0.0,0.0,0.0,1.0,0.0,1.0,,,,84929.0,5070.0,,,,0.0,0.0
UserInfo_3_7.0,89999,float64,0.036489294325492506,0.18750524359684137,0.0,0.0,0.0,0.0,1.0,0.0,1.0,,,,86715.0,3284.0,,,,0.0,0.0
UserInfo_3_2.0,89999,float64,0.0044000488894321045,0.0661871372291466,0.0,0.0,0.0,0.0,1.0,0.0,1.0,,,,89603.0,396.0,,,,0.0,0.0
UserInfo_22_D,89999,float64,0.931010344559384,0.253437954076191,0.0,1.0,1.0,1.0,1.0,1.0,0.0,,,,83790.0,6209.0,,,,0.0,0.0
UserInfo_22_未婚,89999,float64,0.04321159123990267,0.20333422981476834,0.0,0.0,0.0,0.0,1.0,0.0,1.0,,,,86110.0,3889.0,,,,0.0,0.0
UserInfo_22_已婚,89999,float64,0.01560017333525928,0.1239232769182825,0.0,0.0,0.0,0.0,1.0,0.0,1.0,,,,88595.0,1404.0,,,,0.0,0.0
UserInfo_22_离婚,89999,float64,0.001266680740897121,0.035568108152022396,0.0,0.0,0.0,0.0,1.0,0.0,1.0,,,,89885.0,114.0,,,,0.0,0.0
Education_Info4_T,89999,float64,0.047567195191057676,0.21284985442280002,0.0,0.0,0.0,0.0,1.0,0.0,1.0,,,,85718.0,4281.0,,,,0.0,0.0
Education_Info4_F,89999,float64,0.008788986544294936,0.09333722225936156,0.0,0.0,0.0,0.0,1.0,0.0,1.0,,,,89208.0,791.0,,,,0.0,0.0
Education_Info4_AR,89999,float64,0.0023222480249780555,0.04813398936823087,0.0,0.0,0.0,0.0,1.0,0.0,1.0,,,,89790.0,209.0,,,,0.0,0.0
Education_Info4_V,89999,float64,0.0020222446916076846,0.044924132072455915,0.0,0.0,0.0,0.0,1.0,0.0,1.0,,,,89817.0,182.0,,,,0.0,0.0
Education_Info4_AE,89999,float64,0.001422238024866943,0.03768595287883921,0.0,0.0,0.0,0.0,1.0,0.0,1.0,,,,89871.0,128.0,,,,0.0,0.0
SocialNetwork_7,89999,float64,0.02570028555872843,0.15824051032192235,0.0,0.0,0.0,0.0,1.0,0.0,1.0,,,,87686.0,2313.0,,,,0.0,0.0
WeblogInfo_20_I5,89999,float64,0.37283747597195527,0.48356208561902636,0.0,0.0,0.0,1.0,1.0,0.0,1.0,,,,56444.0,33555.0,,,,0.0,0.0
WeblogInfo_20_I4,89999,float64,0.08336759297325526,0.2764385763900582,0.0,0.0,0.0,0.0,1.0,0.0,1.0,,,,82496.0,7503.0,,,,0.0,0.0
WeblogInfo_20_C21,89999,float64,0.07961199568884099,0.27069307343200855,0.0,0.0,0.0,0.0,1.0,0.0,1.0,,,,82834.0,7165.0,,,,0.0,0.0
WeblogInfo_20_U,89999,float64,0.06011177901976689,0.23769514260127705,0.0,0.0,0.0,0.0,1.0,0.0,1.0,,,,84589.0,5410.0,,,,0.0,0.0
WeblogInfo_20_I3,89999,float64,0.05610062334025934,0.23011721314294206,0.0,0.0,0.0,0.0,1.0,0.0,1.0,,,,84950.0,5049.0,,,,0.0,0.0
WeblogInfo_20_C19,89999,float64,0.02511139012655696,0.15646430975616113,0.0,0.0,0.0,0.0,1.0,0.0,1.0,,,,87739.0,2260.0,,,,0.0,0.0
WeblogInfo_20_C20,89999,float64,0.017833531483683152,0.13234685965088852,0.0,0.0,0.0,0.0,1.0,0.0,1.0,,,,88394.0,1605.0,,,,0.0,0.0
WeblogInfo_20_C1,89999,float64,0.008300092223246925,0.09072646886184402,0.0,0.0,0.0,0.0,1.0,0.0,1.0,,,,89252.0,747.0,,,,0.0,0.0
WeblogInfo_20_C11,89999,float64,0.00791119901332237,0.08859288432046193,0.0,0.0,0.0,0.0,1.0,0.0,1.0,,,,89287.0,712.0,,,,0.0,0.0
WeblogInfo_20_F16,89999,float64,0.004411160124001378,0.06627028435234394,0.0,0.0,0.0,0.0,1.0,0.0,1.0,,,,89602.0,397.0,,,,0.0,0.0
WeblogInfo_20_C15,89999,float64,0.004088934321492461,0.06381426318189869,0.0,0.0,0.0,0.0,1.0,0.0,1.0,,,,89631.0,368.0,,,,0.0,0.0
WeblogInfo_20_C18,89999,float64,0.003000033333703708,0.054690642418474635,0.0,0.0,0.0,0.0,1.0,0.0,1.0,,,,89729.0,270.0,,,,0.0,0.0
WeblogInfo_20_C12,89999,float64,0.0017444638273758598,0.0417305646124627,0.0,0.0,0.0,0.0,1.0,0.0,1.0,,,,89842.0,157.0,,,,0.0,0.0
WeblogInfo_20_C17,89999,float64,0.001422238024866943,0.03768595287883693,0.0,0.0,0.0,0.0,1.0,0.0,1.0,,,,89871.0,128.0,,,,0.0,0.0
WeblogInfo_20_F15,89999,float64,0.001166679629773664,0.034136951192006666,0.0,0.0,0.0,0.0,1.0,0.0,1.0,,,,89894.0,105.0,,,,0.0,0.0
WeblogInfo_20_F14,89999,float64,0.0011555683952043912,0.03397419435371202,0.0,0.0,0.0,0.0,1.0,0.0,1.0,,,,89895.0,104.0,,,,0.0,0.0
WeblogInfo_20_Others,89999,float64,0.005477838642651585,0.07380983985400391,0.0,0.0,0.0,0.0,1.0,0.0,1.0,,,,89506.0,493.0,,,,0.0,0.0
UserInfo_9_中国移动,89999,float64,0.5743286036511517,0.49444714088708885,0.0,0.0,1.0,1.0,1.0,1.0,0.0,,,,51689.0,38310.0,,,,0.0,0.0
UserInfo_9_中国联通,89999,float64,0.17782419804664495,0.3823668096823496,0.0,0.0,0.0,0.0,1.0,0.0,1.0,,,,73995.0,16004.0,,,,0.0,0.0
UserInfo_9_中国电信,89999,float64,0.10615673507483417,0.3080398302197868,0.0,0.0,0.0,0.0,1.0,0.0,1.0,,,,80445.0,9554.0,,,,0.0,0.0
Education_Info6_A,89999,float64,0.018222424693607707,0.13375562312723172,0.0,0.0,0.0,0.0,1.0,0.0,1.0,,,,88359.0,1640.0,,,,0.0,0.0
Education_Info6_AM,89999,float64,0.011277903087812086,0.10559751838606615,0.0,0.0,0.0,0.0,1.0,0.0,1.0,,,,88984.0,1015.0,,,,0.0,0.0
Education_Info6_AQ,89999,float64,0.0016111290125445839,0.040106746924142185,0.0,0.0,0.0,0.0,1.0,0.0,1.0,,,,89854.0,145.0,,,,0.0,0.0
Education_Info2_E,89999,float64,0.9378770875231947,0.24137999836488067,0.0,1.0,1.0,1.0,1.0,1.0,0.0,,,,84408.0,5591.0,,,,0.0,0.0
Education_Info2_A,89999,float64,0.032067022966921856,0.1761790960568989,0.0,0.0,0.0,0.0,1.0,0.0,1.0,,,,87113.0,2886.0,,,,0.0,0.0
Education_Info2_AM,89999,float64,0.022711363459593997,0.14898256291338147,0.0,0.0,0.0,0.0,1.0,0.0,1.0,,,,87955.0,2044.0,,,,0.0,0.0
Education_Info2_AQ,89999,float64,0.0033333703707818974,0.05763936092257902,0.0,0.0,0.0,0.0,1.0,0.0,1.0,,,,89699.0,300.0,,,,0.0,0.0
Education_Info2_AN,89999,float64,0.002588917654640607,0.050815783492306886,0.0,0.0,0.0,0.0,1.0,0.0,1.0,,,,89766.0,233.0,,,,0.0,0.0
Education_Info2_U,89999,float64,0.0013222369137434861,0.03633872969308079,0.0,0.0,0.0,0.0,1.0,0.0,1.0,,,,89880.0,119.0,,,,0.0,0.0
SocialNetwork_12,89999,float64,0.24991388793208813,0.43296537904574917,0.0,0.0,0.0,0.0,1.0,0.0,1.0,,,,67507.0,22492.0,,,,0.0,0.0
UserInfo_6_2,89999,float64,0.5371948577206413,0.4986173934254622,0.0,0.0,1.0,1.0,1.0,1.0,0.0,,,,48347.0,41652.0,,,,0.0,0.0
UserInfo_6_1,89999,float64,0.4068045200502228,0.49124055599064165,0.0,0.0,0.0,1.0,1.0,0.0,1.0,,,,53387.0,36612.0,,,,0.0,0.0
UserInfo_6_3,89999,float64,0.05600062222913588,0.22992420476324363,0.0,0.0,0.0,0.0,1.0,0.0,1.0,,,,84959.0,5040.0,,,,0.0,0.0
UserInfo_19_广东,89999,float64,0.080100890009889,0.27145083563523853,0.0,0.0,0.0,0.0,1.0,0.0,1.0,,,,82790.0,7209.0,,,,0.0,0.0
UserInfo_19_山东,89999,float64,0.07872309692329915,0.2693075877018399,0.0,0.0,0.0,0.0,1.0,0.0,1.0,,,,82914.0,7085.0,,,,0.0,0.0
UserInfo_19_福建,89999,float64,0.0673896376626407,0.2506969739106886,0.0,0.0,0.0,0.0,1.0,0.0,1.0,,,,83934.0,6065.0,,,,0.0,0.0
UserInfo_19_四川,89999,float64,0.06353403926710297,0.24392237744634643,0.0,0.0,0.0,0.0,1.0,0.0,1.0,,,,84281.0,5718.0,,,,0.0,0.0
UserInfo_19_湖南,89999,float64,0.06048956099512217,0.23839296438985397,0.0,0.0,0.0,0.0,1.0,0.0,1.0,,,,84555.0,5444.0,,,,0.0,0.0
UserInfo_19_江苏,89999,float64,0.059545106056733965,0.2366434208503694,0.0,0.0,0.0,0.0,1.0,0.0,1.0,,,,84640.0,5359.0,,,,0.0,0.0
UserInfo_19_河南,89999,float64,0.058511761241791575,0.2347099212690844,0.0,0.0,0.0,0.0,1.0,0.0,1.0,,,,84733.0,5266.0,,,,0.0,0.0
UserInfo_19_浙江,89999,float64,0.056956188402093356,0.2317601730671622,0.0,0.0,0.0,0.0,1.0,0.0,1.0,,,,84873.0,5126.0,,,,0.0,0.0
UserInfo_19_湖北,89999,float64,0.053911710130112554,0.22584464655691655,0.0,0.0,0.0,0.0,1.0,0.0,1.0,,,,85147.0,4852.0,,,,0.0,0.0
UserInfo_19_安徽,89999,float64,0.048622762475138616,0.21507929570329276,0.0,0.0,0.0,0.0,1.0,0.0,1.0,,,,85623.0,4376.0,,,,0.0,0.0
UserInfo_19_河北,89999,float64,0.040422671363015146,0.1969495112909914,0.0,0.0,0.0,0.0,1.0,0.0,1.0,,,,86361.0,3638.0,,,,0.0,0.0
UserInfo_19_广西壮族自治区,89999,float64,0.03918932432582584,0.19404623048761488,0.0,0.0,0.0,0.0,1.0,0.0,1.0,,,,86472.0,3527.0,,,,0.0,0.0
UserInfo_19_江西,89999,float64,0.03808931210346782,0.19141296588960666,0.0,0.0,0.0,0.0,1.0,0.0,1.0,,,,86571.0,3428.0,,,,0.0,0.0
UserInfo_19_山西,89999,float64,0.030811453460594006,0.17280752184083592,0.0,0.0,0.0,0.0,1.0,0.0,1.0,,,,87226.0,2773.0,,,,0.0,0.0
UserInfo_19_黑龙江,89999,float64,0.028166979633107034,0.16545061211530807,0.0,0.0,0.0,0.0,1.0,0.0,1.0,,,,87464.0,2535.0,,,,0.0,0.0
UserInfo_19_辽宁,89999,float64,0.02347803864487383,0.151416891707508,0.0,0.0,0.0,0.0,1.0,0.0,1.0,,,,87886.0,2113.0,,,,0.0,0.0
UserInfo_19_贵州,89999,float64,0.02321136901521128,0.15057507525153163,0.0,0.0,0.0,0.0,1.0,0.0,1.0,,,,87910.0,2089.0,,,,0.0,0.0
UserInfo_19_陕西,89999,float64,0.023122479138657098,0.1502933168129194,0.0,0.0,0.0,0.0,1.0,0.0,1.0,,,,87918.0,2081.0,,,,0.0,0.0
UserInfo_19_云南,89999,float64,0.022333581484238713,0.14776682725340912,0.0,0.0,0.0,0.0,1.0,0.0,1.0,,,,87989.0,2010.0,,,,0.0,0.0
UserInfo_19_内蒙古自治区,89999,float64,0.01853353926154735,0.13487123229251585,0.0,0.0,0.0,0.0,1.0,0.0,1.0,,,,88331.0,1668.0,,,,0.0,0.0
UserInfo_19_甘肃,89999,float64,0.018155757286192068,0.13351525694095556,0.0,0.0,0.0,0.0,1.0,0.0,1.0,,,,88365.0,1634.0,,,,0.0,0.0
UserInfo_19_吉林,89999,float64,0.016955743952710586,0.1291062814372281,0.0,0.0,0.0,0.0,1.0,0.0,1.0,,,,88473.0,1526.0,,,,0.0,0.0
UserInfo_19_重庆,89999,float64,0.012833475927510305,0.11255629076357487,0.0,0.0,0.0,0.0,1.0,0.0,1.0,,,,88844.0,1155.0,,,,0.0,0.0
UserInfo_19_新疆维吾尔自治区,89999,float64,0.0071334125934732606,0.08415821834334572,0.0,0.0,0.0,0.0,1.0,0.0,1.0,,,,89357.0,642.0,,,,0.0,0.0
UserInfo_19_上海,89999,float64,0.006888965432949255,0.08271386586696514,0.0,0.0,0.0,0.0,1.0,0.0,1.0,,,,89379.0,620.0,,,,0.0,0.0
UserInfo_19_宁夏回族自治区,89999,float64,0.006088956543961599,0.07779426969115376,0.0,0.0,0.0,0.0,1.0,0.0,1.0,,,,89451.0,548.0,,,,0.0,0.0
UserInfo_19_海南,89999,float64,0.005788953210591229,0.07586504585169467,0.0,0.0,0.0,0.0,1.0,0.0,1.0,,,,89478.0,521.0,,,,0.0,0.0
UserInfo_19_天津,89999,float64,0.004555606173401927,0.06734168853074486,0.0,0.0,0.0,0.0,1.0,0.0,1.0,,,,89589.0,410.0,,,,0.0,0.0
UserInfo_19_北京,89999,float64,0.004111156790631007,0.06398672263217095,0.0,0.0,0.0,0.0,1.0,0.0,1.0,,,,89629.0,370.0,,,,0.0,0.0
UserInfo_19_青海,89999,float64,0.0022111356792853254,0.04697095988677673,0.0,0.0,0.0,0.0,1.0,0.0,1.0,,,,89800.0,199.0,,,,0.0,0.0
ThirdParty_Info_1_median,89999,float64,25.457049522772476,38.30800499915966,0.0,1.5,10.0,33.5,639.5,0.0,1.0,2.0,3.0,0.5,17272.0,3096.0,2596.0,2164.0,1917.0,62954.0,0.0
ThirdParty_Info_10_median,89999,float64,0.6884854276158624,1.2001956247387553,0.0,0.0,0.0,1.0,15.0,0.0,1.0,0.5,2.0,1.5,53331.0,13157.0,7079.0,5007.0,3485.0,7940.0,0.0
ThirdParty_Info_11_median,89999,float64,18.578806431182567,14.032849420442162,0.0,8.5,15.0,24.5,177.5,8.0,11.0,7.0,9.0,10.0,2440.0,2413.0,2399.0,2360.0,2344.0,78043.0,0.0
ThirdParty_Info_12_median,89999,float64,1.7868754097267747,26.058271692566002,0.0,0.0,0.0,1.0,2221.0,0.0,1.0,0.5,2.0,1.5,60361.0,9274.0,7055.0,3240.0,2554.0,7515.0,0.0
ThirdParty_Info_13_median,89999,float64,21406.224008044534,34009.321329859384,0.0,7994.25,15342.0,27061.25,3027143.5,0.0,5177.0,14899.0,4773.0,11114.0,1421.0,9.0,9.0,9.0,9.0,88542.0,0.0
ThirdParty_Info_14_median,89999,float64,18982.215685729843,34760.15891929298,0.0,7375.25,14096.0,24345.25,2547928.5,0.0,12304.0,7994.0,9884.0,6519.0,3719.0,10.0,9.0,9.0,9.0,86243.0,0.0
ThirdParty_Info_15_median,89999,float64,1638.020805786731,5528.824047547688,0.0,64.0,298.0,1138.0,402653.0,0.0,10.0,13.0,11.0,17.0,9782.0,169.0,165.0,163.0,162.0,79558.0,0.0
ThirdParty_Info_16_median,89999,float64,26067.129218102422,48558.86213874265,0.0,10025.25,18971.0,33088.5,4285875.5,0.0,15083.0,7544.0,8140.0,7363.0,2790.0,10.0,9.0,8.0,8.0,87174.0,0.0
ThirdParty_Info_17_median,89999,float64,12393.960149557217,18030.47188374648,0.0,4599.0,9025.0,15916.5,1394175.0,0.0,4696.0,6925.0,6779.0,2799.0,2846.0,12.0,12.0,12.0,11.0,87106.0,0.0
ThirdParty_Info_2_median,89999,float64,16.781675351948355,28.857243288680703,0.0,1.0,6.0,20.0,607.0,0.0,1.0,2.0,3.0,0.5,19305.0,4024.0,3241.0,2684.0,2597.0,58148.0,0.0
ThirdParty_Info_3_median,89999,float64,215.0559061767353,182.1469745226627,0.0,91.0,166.0,284.0,3299.0,0.0,102.0,77.0,75.0,70.0,661.0,238.0,234.0,234.0,229.0,88403.0,0.0
ThirdParty_Info_4_median,89999,float64,209.00786675407505,179.24947545806378,0.0,86.5,162.0,279.0,2994.5,0.0,92.0,84.0,108.0,124.0,3009.0,229.0,223.0,220.0,219.0,86099.0,0.0
ThirdParty_Info_5_median,89999,float64,82.20536339292659,57.83193708083751,0.0,44.0,68.5,105.0,1298.0,46.0,40.0,56.0,42.0,57.0,628.0,613.0,612.0,607.0,606.0,86933.0,0.0
ThirdParty_Info_6_median,89999,float64,15.790364337381526,44.001781860081536,0.0,1.5,5.0,13.0,1288.0,0.0,1.0,2.0,3.0,4.0,8625.0,7134.0,5764.0,4595.0,3769.0,60112.0,0.0
ThirdParty_Info_7_median,89999,float64,296.11338459316215,253.44303924957035,0.0,123.0,227.5,391.0,3622.5,0.0,88.0,110.0,128.0,116.0,2092.0,186.0,169.0,166.0,166.0,87220.0,0.0
ThirdParty_Info_8_median,89999,float64,110.58067311859021,94.98012426413814,0.0,46.5,85.5,146.0,1488.0,0.0,49.0,56.0,45.0,42.0,2145.0,431.0,427.0,416.0,401.0,86179.0,0.0
ThirdParty_Info_9_median,89999,float64,1.8098034422604696,5.166004189381285,0.0,0.0,0.0,1.5,729.0,0.0,1.0,0.5,2.0,1.5,53331.0,6464.0,5020.0,3732.0,2797.0,18655.0,0.0
ThirdParty_Info_1_std,89999,float64,14.709761483362252,18.168747820729973,0.0,2.9268868558020253,8.681397736923858,20.017076039222566,570.363167514473,0.0,0.408248290463863,0.816496580927726,0.8366600265340756,1.224744871391589,8430.0,997.0,639.0,391.0,307.0,79235.0,0.0
ThirdParty_Info_10_std,89999,float64,0.7077666253193221,0.7336194166425524,0.0,0.0,0.5163977794943223,1.0327955589886444,11.147495981908524,0.0,0.408248290463863,0.816496580927726,0.5163977794943222,0.8366600265340756,26538.0,9093.0,4140.0,3388.0,3123.0,43717.0,0.0
ThirdParty_Info_11_std,89999,float64,6.342149616472865,4.789017015634827,0.0,3.0970413069001927,5.115336417740935,8.180260794538684,77.70456872024965,0.0,1.4142135623730951,2.6394443859772205,2.073644135332772,1.6733200530681511,1059.0,256.0,249.0,240.0,237.0,87958.0,0.0
ThirdParty_Info_12_std,89999,float64,1.4385397907230804,11.125486053203884,0.0,0.0,0.5163977794943222,1.1547005383792517,910.9543164542703,0.0,0.408248290463863,0.816496580927726,0.8366600265340756,0.5163977794943223,30580.0,9662.0,3604.0,2794.0,2746.0,40613.0,0.0
ThirdParty_Info_13_std,89999,float64,9526.964276193325,16251.275533615006,0.0,3521.74866839226,6609.291691752353,11646.241753579874,1672763.411818599,0.0,2767.615941564147,2337.695018602726,416.4858941188765,1448.1546878700494,1718.0,2.0,2.0,2.0,2.0,88273.0,0.0
ThirdParty_Info_14_std,89999,float64,8008.13166979461,14451.62411531531,0.0,3104.7174267547953,5763.832767062788,9924.683131529531,1250221.4924735536,0.0,23.678400846904058,2787.4149314373703,880.3479425772516,1986.3223974638827,3530.0,3.0,3.0,3.0,2.0,86458.0,0.0
ThirdParty_Info_15_std,89999,float64,1552.1016740345208,3337.1267689894225,0.0,168.24030338189695,540.7392779026383,1600.7130366915624,147149.49736815278,0.0,12.24744871391589,6.531972647421808,13.880441875771343,7.3484692283495345,2873.0,24.0,22.0,21.0,21.0,87038.0,0.0
ThirdParty_Info_16_std,89999,float64,10447.185680978982,20901.16424024022,0.0,4089.849129201605,7501.3388471658845,12914.034148655363,2060548.1315020686,0.0,14270.121951125715,171.82694782833104,746.068026389015,5756.556305639683,2967.0,2.0,2.0,2.0,2.0,87024.0,0.0
ThirdParty_Info_17_std,89999,float64,6191.880911447376,8704.994877211608,0.0,2317.2727682327372,4361.176064625994,7693.94683064599,737553.238347556,0.0,343.6538956566621,301.22748878546923,1024.5977259393073,2468.4894706412397,3027.0,2.0,2.0,2.0,2.0,86964.0,0.0
ThirdParty_Info_2_std,89999,float64,11.879002913535164,15.636087034064822,0.0,2.380476142847616,6.6758270399005,15.392909601736172,431.098983220018,0.0,0.408248290463863,0.816496580927726,0.8366600265340756,1.224744871391589,8521.0,1103.0,804.0,488.0,341.0,78742.0,0.0
ThirdParty_Info_3_std,89999,float64,81.36893728834161,73.92735734750158,0.0,33.81543040200143,60.82981724998577,105.34983662764753,2266.0402026442516,0.0,1.4142135623730951,5.656854249492381,21.213203435596427,19.091883092036785,1080.0,19.0,15.0,13.0,12.0,88860.0,0.0
ThirdParty_Info_4_std,89999,float64,75.99363474038124,69.95597410336792,0.0,30.911163032147464,56.81109046656296,98.61161189198629,1834.2349903979043,0.0,0.408248290463863,3.5355339059327378,0.816496580927726,9.899494936611665,2900.0,35.0,15.0,15.0,14.0,87020.0,0.0
ThirdParty_Info_5_std,89999,float64,23.149948090865095,20.659163112636865,0.0,11.086778913041726,18.088670487352022,29.067450295247202,662.7669273583285,0.0,7.0710678118654755,5.656854249492381,3.5355339059327378,12.727922061357855,974.0,37.0,35.0,32.0,31.0,88890.0,0.0
ThirdParty_Info_6_std,89999,float64,9.969966087156243,19.396822686207344,0.0,2.136976056643281,4.54972526643093,9.93310961716756,675.2109053226752,0.0,0.816496580927726,0.8366600265340756,0.408248290463863,0.8944271909999159,2230.0,958.0,783.0,783.0,563.0,84682.0,0.0
ThirdParty_Info_7_std,89999,float64,107.46080462450368,97.20582843438814,0.0,44.24087205633769,80.50590040487715,140.05558420197627,2243.69154891368,0.0,5.656854249492381,22.627416997969522,27.577164466275352,21.920310216782973,2364.0,15.0,14.0,12.0,12.0,87582.0,0.0
ThirdParty_Info_8_std,89999,float64,43.88266452759496,39.24683537962885,0.0,18.786741767106903,33.32066425908503,56.645388161791246,788.6296342390388,0.0,9.899494936611665,5.656854249492381,3.5355339059327378,1.4142135623730951,2424.0,29.0,25.0,23.0,21.0,87477.0,0.0
ThirdParty_Info_9_std,89999,float64,2.6384393646396846,4.4925469592866785,0.0,0.0,1.2110601416389966,3.3466401061363023,272.94321753800733,0.0,0.408248290463863,0.816496580927726,0.8366600265340756,1.224744871391589,26193.0,4970.0,2656.0,1459.0,1279.0,53442.0,0.0
ThirdParty_Info_1_min,89999,float64,9.91959910665674,20.890870168579248,0.0,0.0,1.0,10.0,533.0,0.0,1.0,2.0,3.0,4.0,40676.0,6510.0,4497.0,3466.0,2756.0,32094.0,0.0
ThirdParty_Info_11_min,89999,float64,9.718096867742975,9.878539032051812,0.0,3.0,7.0,13.0,140.0,0.0,2.0,1.0,3.0,4.0,7521.0,6526.0,6488.0,6228.0,5864.0,57372.0,0.0
ThirdParty_Info_12_min,89999,float64,0.6124179157546195,12.851800003319894,0.0,0.0,0.0,0.0,1276.0,0.0,1.0,2.0,3.0,4.0,84126.0,3303.0,1041.0,428.0,243.0,858.0,0.0
ThirdParty_Info_13_min,89999,float64,10030.730352559473,17440.814900757367,0.0,2334.0,6124.0,12779.5,1697008.0,0.0,23.0,14.0,22.0,18.0,2570.0,26.0,26.0,24.0,22.0,87331.0,0.0
ThirdParty_Info_14_min,89999,float64,9049.209091212124,17570.21157051429,0.0,2141.0,5783.0,11906.0,1616946.0,0.0,31.0,22.0,35.0,30.0,5680.0,21.0,20.0,20.0,20.0,84238.0,0.0
ThirdParty_Info_15_min,89999,float64,532.8694874387493,2997.8496267184105,0.0,0.0,5.0,166.0,378589.0,0.0,12.0,11.0,15.0,17.0,44719.0,349.0,341.0,326.0,321.0,43943.0,0.0
ThirdParty_Info_16_min,89999,float64,12802.554050600562,23209.585972310757,0.0,3244.0,8081.0,16513.0,1832027.0,0.0,14.0,5854.0,65.0,5158.0,3881.0,18.0,15.0,15.0,14.0,86056.0,0.0
ThirdParty_Info_17_min,89999,float64,5387.185202057801,9825.272940890864,0.0,1107.0,3209.0,7025.5,1200767.0,0.0,14.0,11.0,35.0,48.0,5429.0,37.0,35.0,34.0,32.0,84432.0,0.0
ThirdParty_Info_2_min,89999,float64,5.770130779230881,14.73660778122271,0.0,0.0,0.0,5.0,409.0,0.0,1.0,2.0,3.0,4.0,47731.0,7536.0,4948.0,3745.0,2752.0,23287.0,0.0
ThirdParty_Info_3_min,89999,float64,106.37195968844098,117.2528389011389,0.0,29.0,71.0,142.0,2843.0,0.0,1.0,2.0,19.0,14.0,1528.0,1049.0,790.0,789.0,761.0,85082.0,0.0
ThirdParty_Info_4_min,89999,float64,103.84405382282026,114.05216633379239,0.0,27.0,69.0,141.0,2515.0,0.0,1.0,17.0,18.0,12.0,4835.0,921.0,714.0,700.0,697.0,82132.0,0.0
ThirdParty_Info_5_min,89999,float64,50.07790086556517,41.643423008306755,0.0,22.0,40.0,67.0,791.0,21.0,27.0,19.0,26.0,16.0,1400.0,1367.0,1329.0,1328.0,1328.0,83247.0,0.0
ThirdParty_Info_6_min,89999,float64,6.06312292358804,25.00081431565718,0.0,0.0,1.0,3.0,1016.0,0.0,1.0,2.0,3.0,4.0,42965.0,12298.0,7407.0,4854.0,3486.0,18989.0,0.0
ThirdParty_Info_7_min,89999,float64,149.3472483027589,162.44585877933935,0.0,42.0,99.0,201.0,2512.0,0.0,20.0,1.0,18.0,36.0,2986.0,578.0,536.0,535.0,532.0,84832.0,0.0
ThirdParty_Info_8_min,89999,float64,52.21534683718708,59.120048838811734,0.0,13.0,34.0,70.0,930.0,0.0,1.0,3.0,10.0,5.0,4545.0,1707.0,1521.0,1409.0,1404.0,79413.0,0.0
ThirdParty_Info_9_min,89999,float64,0.4192713252369471,2.6287830661824665,0.0,0.0,0.0,0.0,536.0,0.0,1.0,2.0,3.0,4.0,79208.0,4266.0,2160.0,1302.0,841.0,2222.0,0.0
ThirdParty_Info_1_max,89999,float64,21.714441271569683,28.92935081181124,0.0,4.0,12.5,28.5,1121.0,0.0,1.0,2.0,3.0,4.0,8735.0,3152.0,2775.0,2646.0,2365.0,70326.0,0.0
ThirdParty_Info_10_max,89999,float64,1.2014244602717807,1.3822622306363017,0.0,0.0,1.0,2.0,27.0,0.0,1.0,2.0,1.5,3.0,29900.0,26721.0,11218.0,4901.0,4654.0,12605.0,0.0
ThirdParty_Info_11_max,89999,float64,7.6353848376093065,6.590384426302118,0.0,3.5,6.0,10.0,180.0,3.0,4.0,2.0,5.0,6.0,5962.0,5881.0,5370.0,5285.0,4442.0,63059.0,0.0
ThirdParty_Info_12_max,89999,float64,2.344048267202969,14.539638422695706,0.0,0.0,1.0,2.0,1416.0,0.0,1.0,2.0,3.0,1.5,32152.0,23723.0,9458.0,4263.0,3350.0,17053.0,0.0
ThirdParty_Info_13_max,89999,float64,13232.646912743476,23171.269700873127,0.0,4126.0,8348.0,15834.75,1742544.5,0.0,3437.0,3853.0,2843.0,3367.0,1718.0,13.0,11.0,11.0,11.0,88235.0,0.0
ThirdParty_Info_14_max,89999,float64,10800.975760841788,17984.80998403543,0.0,3515.0,7109.0,13125.75,1242187.0,0.0,2343.0,6149.0,3424.0,3307.0,3532.0,13.0,13.0,13.0,13.0,86415.0,0.0
ThirdParty_Info_15_max,89999,float64,2783.42286580962,6109.500151426567,0.0,287.0,950.5,2878.5,327435.0,0.0,30.0,64.0,47.0,62.0,2883.0,85.0,77.0,76.0,76.0,86802.0,0.0
ThirdParty_Info_16_max,89999,float64,13799.374343048255,25547.674058187033,0.0,4649.25,9231.0,16879.5,1791938.5,0.0,6115.0,6956.0,4654.0,4106.0,2967.0,12.0,11.0,11.0,11.0,86987.0,0.0
ThirdParty_Info_17_max,89999,float64,8976.237974866388,13374.644795116317,0.0,2746.75,5705.0,10922.0,809450.5,0.0,2078.0,2468.0,2304.0,3479.0,3027.0,15.0,14.0,14.0,14.0,86915.0,0.0
ThirdParty_Info_2_max,89999,float64,18.783930932565916,26.05829701321336,0.0,3.5,10.0,24.0,571.0,0.0,1.0,2.0,3.0,4.0,8872.0,3570.0,3406.0,3053.0,2929.0,68169.0,0.0
ThirdParty_Info_3_max,89999,float64,102.60796786630962,112.88129454576594,0.0,36.5,70.5,129.5,5068.0,0.0,23.0,41.0,36.0,29.0,1115.0,496.0,493.0,493.0,492.0,86910.0,0.0
ThirdParty_Info_4_max,89999,float64,92.71331903687819,101.21846242431148,0.0,32.5,64.0,117.5,2899.5,0.0,33.0,24.0,32.0,27.0,2926.0,542.0,527.0,527.0,523.0,84954.0,0.0
ThirdParty_Info_5_max,89999,float64,28.06289514327937,31.303089215466528,0.0,11.5,20.5,35.0,1219.0,10.0,13.0,11.0,14.0,9.0,1757.0,1726.0,1696.0,1674.0,1670.0,81476.0,0.0
ThirdParty_Info_6_max,89999,float64,15.607084523161369,30.642156710149283,0.0,3.0,7.0,16.0,1161.5,2.0,1.0,3.0,4.0,5.0,5445.0,5009.0,4716.0,4345.0,3545.0,66939.0,0.0
ThirdParty_Info_7_max,89999,float64,132.9049044989389,141.18380880221054,0.0,47.5,93.0,170.0,5472.5,0.0,46.0,62.0,41.0,42.0,2381.0,386.0,385.0,374.0,373.0,86100.0,0.0
ThirdParty_Info_8_max,89999,float64,55.78421982466472,59.059708830923405,0.0,20.5,39.0,71.0,1732.0,0.0,18.0,22.0,20.0,16.0,2464.0,873.0,864.0,862.0,861.0,84075.0,0.0
ThirdParty_Info_9_max,89999,float64,5.1046733852598365,8.99755589430049,0.0,0.0,2.0,6.0,398.0,0.0,1.0,2.0,3.0,4.0,26650.0,10613.0,7431.0,5602.0,4129.0,35574.0,0.0
ThirdParty_Info_1_first,89999,float64,19.358026200291114,32.66350452192547,0.0,1.0,7.0,24.0,790.0,0.0,1.0,2.0,3.0,4.0,20964.0,6129.0,4777.0,3781.0,3202.0,51146.0,0.0
ThirdParty_Info_10_first,89999,float64,0.9690329892554361,1.6248828177552381,0.0,0.0,0.0,1.0,28.0,0.0,1.0,2.0,3.0,4.0,50930.0,18647.0,8863.0,5007.0,2678.0,3874.0,0.0
ThirdParty_Info_11_first,89999,float64,13.234935943732708,12.596353903975551,0.0,4.0,10.0,18.0,184.0,4.0,5.0,2.0,3.0,6.0,4721.0,4632.0,4612.0,4593.0,4556.0,66885.0,0.0
ThirdParty_Info_12_first,89999,float64,1.3673374148601651,17.367853161548798,0.0,0.0,0.0,1.0,1530.0,0.0,1.0,2.0,3.0,4.0,67388.0,11758.0,4414.0,2065.0,1206.0,3168.0,0.0
ThirdParty_Info_13_first,89999,float64,15259.376593073257,25534.670954268455,0.0,3822.5,9305.0,19155.0,1950405.0,0.0,1460.0,23.0,862.0,3449.0,1768.0,14.0,14.0,14.0,14.0,88175.0,0.0
ThirdParty_Info_14_first,89999,float64,13502.0557339526,23897.442348225115,0.0,3684.0,8792.0,17392.0,1792744.0,0.0,4385.0,10274.0,2787.0,4830.0,3973.0,16.0,15.0,15.0,14.0,85966.0,0.0
ThirdParty_Info_15_first,89999,float64,1368.4688052089468,5252.996170894991,0.0,0.0,140.0,801.0,490250.0,0.0,21.0,16.0,11.0,24.0,25220.0,261.0,251.0,244.0,238.0,63785.0,0.0
ThirdParty_Info_16_first,89999,float64,18821.184490938787,31837.154350846537,0.0,5292.5,12191.0,24043.0,2052132.0,0.0,2427.0,5854.0,2464.0,3337.0,2771.0,14.0,14.0,12.0,11.0,87177.0,0.0
ThirdParty_Info_17_first,89999,float64,8578.97911087901,14666.630660803365,0.0,1886.0,5066.0,10934.0,1200767.0,0.0,49.0,1235.0,701.0,1861.0,4220.0,21.0,20.0,20.0,19.0,85699.0,0.0
ThirdParty_Info_2_first,89999,float64,14.131534794831053,26.29717178996635,0.0,0.0,5.0,16.0,999.0,0.0,1.0,2.0,3.0,4.0,23277.0,7480.0,5621.0,4492.0,3754.0,45375.0,0.0
ThirdParty_Info_3_first,89999,float64,147.40390448782765,161.89900161799906,0.0,44.0,99.0,194.0,4557.0,0.0,19.0,24.0,30.0,18.0,975.0,555.0,548.0,544.0,540.0,86837.0,0.0
ThirdParty_Info_4_first,89999,float64,141.21076900854453,150.8053234181855,0.0,43.0,97.0,188.0,3653.0,0.0,43.0,17.0,30.0,46.0,3253.0,544.0,541.0,534.0,531.0,84596.0,0.0
ThirdParty_Info_5_first,89999,float64,65.3170257447305,52.25634231279417,0.0,31.0,53.0,86.0,1516.0,31.0,32.0,34.0,38.0,30.0,1123.0,1083.0,1081.0,1075.0,1075.0,84562.0,0.0
ThirdParty_Info_6_first,89999,float64,11.639740441560463,36.13186395037034,0.0,0.0,3.0,9.0,1597.0,0.0,1.0,2.0,3.0,4.0,23906.0,11086.0,8150.0,6129.0,4889.0,35839.0,0.0
ThirdParty_Info_7_first,89999,float64,204.2169246324959,217.05464743086245,0.0,63.0,139.0,270.0,6743.0,0.0,35.0,49.0,75.0,58.0,2060.0,414.0,390.0,389.0,386.0,86360.0,0.0
ThirdParty_Info_8_first,89999,float64,72.7580084223158,81.7779020624331,0.0,20.0,48.0,96.0,1763.0,0.0,13.0,10.0,16.0,11.0,3510.0,1064.0,1028.0,1021.0,1012.0,82364.0,0.0
ThirdParty_Info_9_first,89999,float64,2.8206424515827955,7.880980642708758,0.0,0.0,0.0,3.0,922.0,0.0,1.0,2.0,3.0,4.0,50930.0,9816.0,6160.0,4234.0,3192.0,15667.0,0.0
Education_count,89999,int64,7.964188490983233,0.20482142384882793,6.0,8.0,8.0,8.0,8.0,8.0,7.0,6.0,,,87110.0,2555.0,334.0,,,0.0,0.0
SocialNetwork_count,89999,int64,8.130479227546973,2.061761070725185,7.0,7.0,7.0,11.0,17.0,7.0,11.0,16.0,12.0,8.0,66873.0,20121.0,1950.0,483.0,326.0,246.0,0.0
ThirdParty_count,89999,int64,94.7921088012089,16.64937127900817,0.0,85.0,102.0,102.0,119.0,102.0,85.0,68.0,119.0,51.0,61704.0,16250.0,4640.0,3208.0,2427.0,1770.0,0.0
UserInfo_count,89999,int64,21.645473838598207,1.8043886173091026,12.0,21.0,21.0,24.0,24.0,21.0,24.0,18.0,20.0,19.0,52162.0,27866.0,7929.0,902.0,369.0,771.0,0.0
WeblogInfo_count,89999,int64,54.149746108290095,2.865994687810817,21.0,54.0,55.0,55.0,57.0,55.0,54.0,52.0,57.0,50.0,61631.0,12808.0,6952.0,2416.0,1974.0,4218.0,0.0
